model,epoch,train_loss,train_nll_component,train_sig_bce_component,lr,train_heldout_n,train_heldout_nll,train_heldout_mae,train_n,train_positive_n,train_prevalence,train_auprc,train_auroc,train_auprc_lift_over_random,train_brier,train_ece10,train_precision_at_1pct,train_lift_at_1pct,train_precision_at_5pct,train_lift_at_5pct,train_precision_at_10pct,train_lift_at_10pct,train_mean_score_positive,train_mean_score_negative,train_score_separation,val_heldout_n,val_heldout_nll,val_heldout_mae,val_n,val_positive_n,val_prevalence,val_auprc,val_auroc,val_auprc_lift_over_random,val_brier,val_ece10,val_precision_at_1pct,val_lift_at_1pct,val_precision_at_5pct,val_lift_at_5pct,val_precision_at_10pct,val_lift_at_10pct,val_mean_score_positive,val_mean_score_negative,val_score_separation,test_heldout_n,test_heldout_nll,test_heldout_mae,test_n,test_positive_n,test_prevalence,test_auprc,test_auroc,test_auprc_lift_over_random,test_brier,test_ece10,test_precision_at_1pct,test_lift_at_1pct,test_precision_at_5pct,test_lift_at_5pct,test_precision_at_10pct,test_lift_at_10pct,test_mean_score_positive,test_mean_score_negative,test_score_separation
permuted_train_labels,1,7.802481160647627,7.588696095563363,1.4248182528260824,0.001,4787799,4.314448873062549,0.21398335089620513,4787799,56043,0.011705378609252394,0.011430409219195477,0.48858692595499,0.9765091417171615,0.20313645311161,0.42194478191968005,0.012114123396967292,1.0349193991377441,0.01127031204310957,0.9628319099564255,0.011458289819959062,0.9788910040809767,0.4285803871027914,0.43371020701318086,-0.005129819910389466,996308,4.421970540234546,0.21422581232410057,996308,11887,0.011931049434512219,0.01149060292525006,0.48636691546756405,0.9630840093589667,0.20336122443006283,0.4219506298178336,0.011842633480529908,0.9925894235483967,0.010639152079653123,0.8917197215592702,0.011171221808473266,0.9363151053719512,0.4281076775031554,0.433951401006344,-0.005843723503188569,1038899,4.263182465282958,0.2136583303875064,1038899,11354,0.010928877590603129,0.01070428214917219,0.4892779174886857,0.9794493588596828,0.2030363065442538,0.42269870651763414,0.010973144672249495,1.0040504691611174,0.010568870921166618,0.9670591360867604,0.010761382231206084,0.984674056598359,0.42869935794924585,0.43368203922193965,-0.004982681272693801
permuted_train_labels,2,3.1884951342707093,2.988194431429324,1.3345595764077227,0.001,4787799,1.7608321694373552,0.0829388711872094,4787799,56043,0.011705378609252394,0.011481297714737881,0.4874225653682369,0.9808565872156079,0.21293320837424873,0.42251294404570305,0.01221855549521701,1.0438411180958282,0.012155896236267179,1.0384880867209778,0.011750699695058273,1.0038718171636118,0.4257221773593901,0.43431895114695696,-0.008596773787566847,996308,1.8052675007377237,0.0831143640916012,996308,11887,0.011931049434512219,0.011545027969221263,0.48678736298633035,0.9676456402758391,0.21308789940468312,0.4224514371584042,0.011039743075070253,0.9252952253417258,0.011221294363256785,0.9405119327389284,0.01140207365177505,0.9556639350427102,0.42551752824367317,0.4344895320134199,-0.008972003769746717,1038899,1.721593334626369,0.08206074148268985,1038899,11354,0.010928877590603129,0.010739169107062886,0.48870566139087934,0.9826415400879448,0.21281440426120568,0.42324093009555475,0.01193570122244682,1.0921250717191102,0.011069400327269227,1.0128579294169169,0.010905765713735681,0.9978852469820579,0.42600729034861534,0.43426000054569247,-0.008252710197077129
permuted_train_labels,3,1.6094899564549543,1.4141053375990495,1.301594733155292,0.001,4787799,1.1019190916327106,0.04576545318958147,4787799,56043,0.011705378609252394,0.011628414302606483,0.4893311466382257,0.9934248767839876,0.22956223881542637,0.4350210219366722,0.014724925853210242,1.2579623730898442,0.012506788086386231,1.06846506242014,0.01193658882994277,1.0197524769090014,0.43731096011542103,0.44683791718542304,-0.009526957070002007,996308,1.12846024397074,0.0458947868146384,996308,11887,0.011931049434512219,0.011667402753850791,0.4884712317564821,0.9779024735327311,0.22966060628689167,0.4349225149327092,0.012545162585307105,1.0514718469792337,0.011903806006102456,0.9977165941219758,0.011853740301713322,0.9935203409202824,0.4370938267830994,0.4469714143528094,-0.009877587569710022,1038899,1.0642892439496043,0.04468960442888337,1038899,11354,0.010928877590603129,0.010880476623526753,0.49013562391857113,0.9955712774093113,0.22941102727417162,0.4356563209992415,0.01318702473770334,1.2066220550445008,0.012262970449513909,1.1220704365888277,0.011261911637308691,1.0304728499285152,0.43735455761957104,0.4466871938285704,-0.009332636208999379
permuted_train_labels,4,1.205104795055113,1.0112310857012652,1.2914081521656202,0.001,4787799,0.9223370697057249,0.034476282675766044,4787799,56043,0.011705378609252394,0.011779115447352993,0.4912418467300824,1.0062993979573043,0.23754070548307657,0.44269048291830626,0.015247086344458833,1.3025709678802644,0.013125026108024563,1.1212816386519975,0.012162162162162163,1.0390233898584629,0.4451314765502684,0.45450558906365357,-0.009374112513385158,996308,0.9436753305704662,0.03459873658233699,996308,11887,0.011931049434512219,0.011808637586157286,0.4894583075682042,0.989740060249785,0.23759102854293368,0.44257512943754307,0.013448414291449218,1.1271778199617386,0.012224987955676891,1.0246364347728218,0.011843703265048027,0.9926790874563364,0.4445790465987916,0.45462605016831187,-0.010047003569520263,1038899,0.8845290633401321,0.03333865055472789,1038899,11354,0.010928877590603129,0.010979413657794215,0.4913836030969434,1.0046240857555708,0.23744214211523365,0.4433563926043997,0.014727115218019058,1.3475414191372892,0.012243719318509963,1.120308944537668,0.011204158244296852,1.0251883737750358,0.44478348896334924,0.45439026143539046,-0.009606772472041225
permuted_train_labels,5,1.0856930052024731,0.892379805834397,1.2876297048900438,0.001,4787799,0.8594906030934047,0.03012265975125,4787799,56043,0.011705378609252394,0.011898714310378576,0.49225693696805944,1.016516825946438,0.23948811555632163,0.44541962620326475,0.016312293746605956,1.3935725012527211,0.013551109068883412,1.15768225200098,0.012600776974810978,1.0764946094824157,0.4480219753662583,0.4572328212509084,-0.009210845884650098,996308,0.8790166262591488,0.030251264818146096,996308,11887,0.011931049434512219,0.011934652038436142,0.4900775738182151,1.0003019519736045,0.23953991677559144,0.4453131773004734,0.01565636290646327,1.312236865030084,0.013168459932551791,1.1037134666846817,0.012345555098312774,1.0347417606536387,0.44737965453432876,0.45736334261096667,-0.009983688076637909,1038899,0.8214509272556813,0.028968618930503592,1038899,11354,0.010928877590603129,0.011161845697027137,0.49432384874948576,1.0213167458865418,0.23938337816737454,0.446083253046248,0.014534603907979594,1.3299264986256907,0.012898257772644143,1.180199674277103,0.011646934257387621,1.0657026909517124,0.4484023497100251,0.4571072655970166,-0.00870491588699146
permuted_train_labels,6,1.0393367504728013,0.8463801482449407,1.285245548814967,0.001,4787799,0.8312599314946179,0.028038722710516356,4787799,56043,0.011705378609252394,0.011938923805815184,0.49262126881493057,1.0199519557939105,0.23938284905451937,0.44615812629592566,0.017523706086302687,1.4970644411664957,0.01345920882242366,1.1498311393178662,0.012680145369480764,1.0832751158905596,0.4484585258913759,0.4576387230852099,-0.009180197193834005,996308,0.8499736339063824,0.02817103578442861,996308,11887,0.011931049434512219,0.011990187604236592,0.49097132887242095,1.0049566611930472,0.2394107237183978,0.4460547417886947,0.01686069851465275,1.4131781623400903,0.01278705636743215,1.071746155911802,0.012355592134978069,1.0355830141175848,0.44798499021238536,0.4577349143677509,-0.00974992415536552,1038899,0.7930994810972962,0.026875766116791672,1038899,11354,0.010928877590603129,0.01119045181742139,0.49432508041254647,1.0239342260584168,0.23924864890443753,0.44669835900916605,0.016074694388295313,1.470845862718479,0.013090769082683607,1.1978145947887016,0.011723938781403407,1.0727486591563518,0.4484520195652786,0.45749224837855645,-0.009040228813277873
permuted_train_labels,7,1.016471564942512,0.8235907171083533,1.2847418346266815,0.001,4787799,0.8157497448201146,0.026843977443366984,4787799,56043,0.011705378609252394,0.012023284021893857,0.4937192822470145,1.0271589175586493,0.2394522445820609,0.4467407456731141,0.017335728309453194,1.4810053470419444,0.013864405363632567,1.1844474088752321,0.012592422406951,1.0757808719657689,0.4490598386146832,0.4578626503398855,-0.008802811725202309,996308,0.834091904812568,0.026980717790551466,996308,11887,0.011931049434512219,0.012053606799361263,0.49125184276892014,1.0102721362040903,0.2395296910342273,0.4466863553009918,0.01686069851465275,1.4131781623400903,0.013308977035490605,1.1154908969694266,0.012576406941614557,1.0540905903243978,0.44825734147762664,0.45801750431013194,-0.009760162832505304,1038899,0.777459162897452,0.02567445913594584,1038899,11354,0.010928877590603129,0.011242506094277148,0.49562350407677047,1.0286972290680318,0.2393625577552786,0.44732747874540263,0.014823370873038791,1.3563488793930885,0.013013764558667821,1.190768626584062,0.011954952353450765,1.09388656377027,0.4490629904048351,0.45775628519015416,-0.00869329478531905
permuted_train_labels,8,1.0035243379896965,0.8105623839558035,1.2852840402851935,0.001,4787799,0.8060552523717056,0.02606570400355153,4787799,56043,0.011705378609252394,0.012045495046582632,0.4940739821980108,1.0290564234343857,0.23998838775769607,0.44754087915843216,0.017398387568403024,1.4863583784167946,0.014044028572622082,1.1997927654831366,0.012640461172145871,1.0798848626864876,0.44972098803537963,0.45842596607211017,-0.008704978036730537,996308,0.8241442326946085,0.02620369643983399,996308,11887,0.011931049434512219,0.012134277693557785,0.49311814498802,1.0170335610594068,0.24004812263540437,0.4474764844067477,0.01746286631874749,1.4636488109950934,0.013048016701461378,1.0936185264406144,0.012536258794953377,1.0507255764686136,0.4495000279330446,0.4585668363071097,-0.009066808374065094,1038899,0.7676902949059533,0.02489172036784856,1038899,11354,0.010928877590603129,0.011244567055209424,0.4955159904643609,1.028885808445483,0.23988928846477822,0.44811637952311223,0.01597843873327558,1.4620384024626798,0.013167773606699393,1.2048605629933409,0.011608431995379729,1.0621797068493928,0.4494565155078685,0.45830506206035737,-0.008848546552488845
permuted_train_labels,9,0.994505422702734,0.8017180359881857,1.2841332953909168,0.001,4787799,0.7993604289779083,0.025496422488444064,4787799,56043,0.011705378609252394,0.012083225707480317,0.49427178438391384,1.0322797844342477,0.24033610958516374,0.4480686519431605,0.01685534065750449,1.439965439834758,0.014165169806591753,1.210141959474514,0.01272609549271064,1.0872006722321166,0.45017845605249046,0.4587782768953619,-0.00859982084287142,996308,0.8173235899440735,0.025638110493786812,996308,11887,0.011931049434512219,0.01209118210183065,0.4918223151672469,1.0134215073198194,0.24034179850000092,0.44792981684059496,0.01645925331192292,1.3795310632367546,0.013489641882126225,1.1306333073355275,0.012506147684957494,1.0482018160767756,0.4491601940437564,0.45885353651103294,-0.009693342467276544,1038899,0.7608878636181188,0.024319120398885022,1038899,11354,0.010928877590603129,0.011263153357542766,0.4950048862082318,1.030586468204846,0.24019215328116322,0.4486021115903452,0.016652228318413707,1.5236906242532748,0.013495042833766483,1.2348059278630585,0.012012705746462606,1.0991710399237498,0.4496720650622993,0.45861611656477597,-0.00894405150247668
permuted_train_labels,10,0.9883679192999135,0.795541014533112,1.2844113432842752,0.001,4787799,0.7945322057170737,0.02505667168090964,4787799,56043,0.011705378609252394,0.012068000048510443,0.4940762555195456,1.0309790440243785,0.24049874048038936,0.44826976649515515,0.017649024604202347,1.5077705039161964,0.01362630017962321,1.1641058896508005,0.012736538702535612,1.088092844127925,0.44994438761362426,0.4588458228753776,-0.008901435261753354,996308,0.8123638802584141,0.02520036200213689,996308,11887,0.011931049434512219,0.012096486455047427,0.49272139734495507,1.013866091280844,0.240465566873819,0.4481006588950518,0.01555600160578081,1.3038250902542499,0.01278705636743215,1.071746155911802,0.012696851381598097,1.0641856318917504,0.4494333248977986,0.4588861782753255,-0.009452853377526937,1038899,0.7559794972851066,0.023876217999927087,1038899,11354,0.010928877590603129,0.011248864086823978,0.49487508000442076,1.0292789898658925,0.24035423894379543,0.44880699813374764,0.016363461353354508,1.4972682434858768,0.012763499855616518,1.1678692299189841,0.011829820001925112,1.082436865437731,0.4495171618478941,0.4586861611768653,-0.009168999328971195
permuted_train_labels,11,0.9836391702942227,0.7908235620761264,1.2843594101892002,0.001,4787799,0.7909189718490689,0.024708992676945606,4787799,56043,0.011705378609252394,0.0120652763002155,0.4935016800862632,1.030746351995708,0.2404942092883331,0.44830273410793137,0.017461046827352854,1.491711409791645,0.013960482894022307,1.1926553903166695,0.012930782405280087,1.104687241389961,0.4497423453507029,0.45876954843818507,-0.009027203087482172,996308,0.8086485931057464,0.024852595381758828,996308,11887,0.011931049434512219,0.01208045770982578,0.49178438788010487,1.0125226432204177,0.24053643341870454,0.44820479888703035,0.016659975913287835,1.3963546127884223,0.013088164445158182,1.0969835065219702,0.012486073611626904,1.0465193091488836,0.44916901387737457,0.45888470347762694,-0.009715689600252375,1038899,0.7523090701069113,0.023527352014458335,1038899,11354,0.010928877590603129,0.011221520933066503,0.49439468748249316,1.0267770720311657,0.24040925406890296,0.44888651087514153,0.016940995283472905,1.5501130050206726,0.012840504379632304,1.1749151981236234,0.012022331311964578,1.1000517859493295,0.4492527384931118,0.45865640377673783,-0.009403665283626017
permuted_train_labels,12,0.980248701054117,0.787415809907775,1.2844946771428205,0.001,4787799,0.7881539682952438,0.02443375713323596,4787799,56043,0.011705378609252394,0.01212494926364091,0.4946273147350307,1.035844261718871,0.2404725889034522,0.4483233392469458,0.017649024604202347,1.5077705039161964,0.014131751535151844,1.207287009407927,0.013010150799949872,1.111467747798105,0.4500402871148264,0.4586957837704346,-0.008655496655608164,996308,0.8058158690635827,0.024579320582057706,996308,11887,0.011931049434512219,0.012147407671090998,0.49268907726613315,1.0181340491267208,0.24051656560088394,0.4482366446197057,0.018065034122842234,1.5141194596500969,0.01354986349767143,1.135680777457561,0.012666740271602212,1.0616618714999122,0.44950704799657,0.45882343172438567,-0.00931638372781568,1038899,0.7494623665293739,0.023249869206862867,1038899,11354,0.010928877590603129,0.011281875508751473,0.4952402698376067,1.0322995582320238,0.24037074041921042,0.44888744769629313,0.017711040523630765,1.620572687067067,0.013110020213687554,1.1995760868398613,0.011877947829434979,1.0868405955656306,0.44945092063271835,0.4585642555802919,-0.009113334947573548
permuted_train_labels,13,0.9775536405867424,0.7847430089245672,1.2843747000763381,0.001,4787799,0.7860244733540401,0.02420640718404741,4787799,56043,0.011705378609252394,0.012102481964725109,0.494427780067874,1.033924862127811,0.24066551205337738,0.4485709103704299,0.017586365345252517,1.502417472541346,0.014064914992272025,1.2015771092747534,0.012840970800785329,1.0970145630860089,0.45004642053977,0.4588713739991214,-0.008824953459351415,996308,0.8036365260541921,0.024352718586631218,996308,11887,0.011931049434512219,0.012099443220572985,0.49289106328451665,1.0141139123582594,0.24070415286554284,0.4484686790321115,0.018265756724207147,1.5309430092017644,0.01344949413842942,1.1272683272541717,0.012586443978279852,1.054931843788344,0.44959122596502576,0.4589807397944205,-0.009389513829394736,1038899,0.7472786845737651,0.023020874997157447,1038899,11354,0.010928877590603129,0.011284020780568482,0.4953292821899997,1.032495852114833,0.24052743155619646,0.44910749839240904,0.016170950043315046,1.4796533229742785,0.013052266820675715,1.194291610686382,0.011772066608913273,1.0771523892842514,0.44959295076491035,0.4587086568763575,-0.00911570611144713
permuted_train_labels,14,0.9751012570616128,0.7823292746060136,1.2841548138770504,0.001,4787799,0.784352580381925,0.024020335866034165,4787799,56043,0.011705378609252394,0.01209106176104046,0.49387953083593866,1.0329492248531975,0.2408738562660911,0.4488343245356967,0.01735661472910314,1.4827896908335612,0.013906178202932454,1.1880160964584658,0.012851414010610301,1.0979067349818172,0.45004096928149795,0.4590738445282428,-0.009032875246744843,996308,0.801933315927404,0.02416767137866754,996308,11887,0.011931049434512219,0.01207501264896814,0.4923270152328857,1.0120662658591864,0.24086267827576255,0.44867954225949086,0.01625853071055801,1.362707513685087,0.013369198651035813,1.1205383670914604,0.012556332868283967,1.0524080833965057,0.44948118427045236,0.45913298924205775,-0.009651804971605393,1038899,0.745580372225789,0.02283440275098325,1038899,11354,0.010928877590603129,0.011315858350274495,0.49472840650092054,1.0354090121756052,0.24071823475059892,0.44936020282803635,0.016940995283472905,1.5501130050206726,0.013321782654730965,1.2189524994026197,0.012137838097988256,1.1106207382562887,0.44968861410274674,0.45889823602485696,-0.009209621922110223
permuted_train_labels,15,0.9737977542738984,0.7810380871745123,1.2841294647990793,0.001,4787799,0.7830272976162951,0.023862710674505655,4787799,56043,0.011705378609252394,0.01211350865246438,0.49434599356187425,1.034866881015654,0.24080872481903884,0.44882161373986884,0.017273069050503364,1.475652315667094,0.014027319436902125,1.1983652904498432,0.012790843393625465,1.0927321379861286,0.45019149771771666,0.45900528700020954,-0.008813789282492879,996308,0.8005800854253905,0.024012180558512654,996308,11887,0.011931049434512219,0.012154748417619246,0.49255754033460203,1.0187493132381085,0.24088030060106091,0.44875409331966326,0.017061421116017664,1.430001711891758,0.01373052834430705,1.1508231878236619,0.012666740271602212,1.0616618714999122,0.44973506248419204,0.4591524642871184,-0.009417401802926384,1038899,0.7441786779802464,0.02267550815251591,1038899,11354,0.010928877590603129,0.011310653357256771,0.49527288801599884,1.0349327516470586,0.24074053508885868,0.44942499111074047,0.016555972663393974,1.5148831639974754,0.013283280392723073,1.2154295153003,0.01206083357397247,1.1035747700516492,0.4498600635661335,0.4589089719743575,-0.009048908408223977
permuted_train_labels,16,0.9722716778948687,0.7795167288918426,1.284168707806131,0.001,4787799,0.7819729639861657,0.023735369064058716,4787799,56043,0.011705378609252394,0.012123508321337677,0.49454387222738444,1.0357211608477812,0.2407206803788309,0.44878561922813837,0.01779522954175195,1.5202609104575138,0.013805923388612725,1.1794512462587052,0.012930782405280087,1.104687241389961,0.4501675207959479,0.45892228592331474,-0.008754765127366837,996308,0.7994798985353927,0.02388351142025734,996308,11887,0.011931049434512219,0.012116250943077719,0.49193345679664086,1.0155226503403614,0.24076645805197375,0.4486889469544348,0.017362505018065032,1.4552370362192595,0.013329050907339008,1.1171733870101046,0.012516184721622789,1.0490430695407216,0.449349906161984,0.4590454847919735,-0.009695578629989487,1038899,0.743119924915704,0.02254790372202327,1038899,11354,0.010928877590603129,0.011302071066636372,0.49478369942526046,1.0341474660082315,0.24061281414540134,0.4493467436037465,0.016940995283472905,1.5501130050206726,0.012705746462604677,1.1625847537655043,0.011877947829434979,1.0868405955656306,0.4495300044524652,0.4587869581064717,-0.009256953654006472
permuted_train_labels,17,0.970889361353888,0.778217661726302,1.283683479005012,0.001,4787799,0.78112328467632,0.023626146018504535,4787799,56043,0.011705378609252394,0.01212201968563168,0.4946215971481098,1.0355939854905638,0.2408167225772976,0.44885464067312686,0.01698065917540415,1.4506715025844588,0.013931241906512386,1.1901573090084059,0.012863945862400267,1.0989773412567874,0.45021603130567905,0.45895036287888913,-0.008734331573210075,996308,0.7986188445239826,0.0237755513080857,996308,11887,0.011931049434512219,0.012119983937032362,0.4930467799746761,1.0158355309444635,0.24084341391411035,0.44873033003987906,0.016760337213970293,1.4047663875642564,0.013509715753974626,1.1323157973762052,0.012676777308267507,1.0625031249638583,0.4496664189387032,0.4590438706921901,-0.00937745175348692,1038899,0.7421983663715145,0.02243701902770084,1038899,11354,0.010928877590603129,0.0113118502124191,0.495563036273303,1.0350422647377127,0.2406950073814166,0.4494097302325035,0.016363461353354508,1.4972682434858768,0.012936760034652035,1.1837226583794227,0.011733564346905381,1.0736294051819317,0.4497147411983767,0.4588085650334219,-0.0090938238350452
permuted_train_labels,18,0.9702981276788574,0.7774822896805362,1.2847319810286812,0.001,4787799,0.7804238962412583,0.023533509832754047,4787799,56043,0.011705378609252394,0.012095268711339063,0.4938940452029806,1.0333086280334824,0.24101811404302312,0.4490393022939826,0.01698065917540415,1.4506715025844588,0.013927064622582397,1.1898004402500826,0.012872300430260246,1.0996910787734342,0.4500761606574046,0.4591040302698265,-0.009027869612421913,996308,0.7978953766054272,0.02368319323222588,996308,11887,0.011931049434512219,0.012113652751683251,0.49215901138627954,1.0153048831264437,0.2410482182152704,0.448923225284895,0.01686069851465275,1.4131781623400903,0.013168459932551791,1.1037134666846817,0.012676777308267507,1.0625031249638583,0.4495015743525574,0.45920626438080253,-0.009704690028245144,1038899,0.7415168079981789,0.022345952066427414,1038899,11354,0.010928877590603129,0.011339895278568258,0.4955547931864494,1.037608408050844,0.24089500350749646,0.4495922941240152,0.015785927423236115,1.4444234819510813,0.013360284916738858,1.2224754835049396,0.012070459139474445,1.1044555160772294,0.4498478573831794,0.4589565529601025,-0.00910869557692312
permuted_train_labels,19,0.9690763373305832,0.7763852649840756,1.2839746330095374,0.001,4787799,0.779846850034849,0.023448488829039712,4787799,56043,0.011705378609252394,0.012074578203280168,0.49362908173980036,1.03154102112818,0.2409478312848984,0.4490574182717803,0.017523706086302687,1.4970644411664957,0.013789214252892769,1.1780237712254116,0.012586156481056017,1.0752455688282838,0.4498954488458155,0.4590937330944501,-0.009198284248634614,996308,0.7973245974136512,0.0235999197219729,996308,11887,0.011931049434512219,0.012060004924515236,0.49081647995381933,1.0108083945767583,0.2409502891905903,0.4489173904726071,0.015857085507828182,1.3290604145817515,0.013288903163642203,1.1138084069287488,0.012245184731659824,1.0263292260141783,0.44882357766131725,0.4591780388240908,-0.010354461162773554,1038899,0.7408739925632809,0.022259236353747453,1038899,11354,0.010928877590603129,0.01130920578565712,0.4946790560647788,1.0348002978257351,0.2407859832825593,0.4495748648769243,0.0175185292135913,1.6029577665554682,0.013110020213687554,1.1995760868398613,0.011685436519395515,1.069225675054032,0.449486247807404,0.4589121350611346,-0.009425887253730614
permuted_train_labels,20,0.9682794615842294,0.7756064150644385,1.2839414309764254,0.001,4787799,0.779389306808828,0.023380997939697865,4787799,56043,0.011705378609252394,0.01212685206095791,0.4945251946033099,1.0360068192388383,0.24081194637427988,0.4488881440683087,0.01731484188980325,1.4792210032503275,0.014165169806591753,1.210141959474514,0.012930782405280087,1.104687241389961,0.45005696465457534,0.45889332307047964,-0.0088363584159043,996308,0.7968295744764671,0.023531022776324566,996308,11887,0.011931049434512219,0.012105738615324869,0.4919056871240345,1.0146415603900976,0.24084002799972187,0.4487750324007724,0.017362505018065032,1.4552370362192595,0.013650232856913441,1.1440932276609503,0.012606518051610442,1.056614350716236,0.44918862294965184,0.45900259736329907,-0.00981397441364723,1038899,0.7403592198327268,0.02218931064205351,1038899,11354,0.010928877590603129,0.01134006427386475,0.4945955211180295,1.037623871239547,0.24071605318859116,0.4494659565052996,0.01761478486861103,1.6117652268112677,0.01330253152372702,1.21719100735146,0.011993454615458659,1.0974095478725898,0.4494239072822848,0.4587753404793673,-0.009351433197082482
permuted_train_labels,21,0.9680378418037857,0.7754210397817086,1.2835972512977711,0.001,4787799,0.7789805660179134,0.023328168748899546,4787799,56043,0.011705378609252394,0.012086451881178772,0.49440108382605114,1.0325553990731375,0.2408913587030193,0.44902347424981043,0.017565478925602573,1.5006331287497292,0.01382263252433268,1.1808787212919984,0.012765779690045533,1.0905909254361885,0.45003029414150025,0.45900636579538195,-0.008976071653881701,996308,0.7964328205986502,0.023479718615268194,996308,11887,0.011931049434512219,0.012080088217124356,0.4926842858288793,1.0124916742177785,0.24094044678187318,0.44892450639574877,0.016760337213970293,1.4047663875642564,0.01296772121406777,1.0868885662779029,0.012445925464965724,1.0431542952930992,0.4495199059490472,0.4591259152874027,-0.009606009338355481,1038899,0.7399926057537836,0.022138306845756902,1038899,11354,0.010928877590603129,0.011290049276342829,0.4952855519156746,1.0330474637258489,0.24078594174485443,0.4496014249715001,0.01645971700837424,1.506075703741676,0.012956011165655982,1.1854841504305824,0.011704687650399462,1.070987167105192,0.44962798857514874,0.4588857126477908,-0.009257724072642082
permuted_train_labels,22,0.9674125023510145,0.7748055390689684,1.2835692671761996,0.001,4787799,0.7786612125947643,0.023266584291426237,4787799,56043,0.011705378609252394,0.01213792689764205,0.4946772655100262,1.0369529515301412,0.24114236085935606,0.4492485494276975,0.017398387568403024,1.4863583784167946,0.014060737708342036,1.20122024051643,0.01308534191068967,1.1178913854479255,0.4505017948342672,0.45920711959536875,-0.00870532476110153,996308,0.7960571523815928,0.023416955399334343,996308,11887,0.011931049434512219,0.01213019488716499,0.4930544612206849,1.0166913609524335,0.24120302956204362,0.44916596853874324,0.01565636290646327,1.312236865030084,0.013389272522884214,1.1222208571321381,0.012666740271602212,1.0616618714999122,0.4499774215569953,0.459343574147803,-0.009366152590807697,1038899,0.7396107336348384,0.02207616877864812,1038899,11354,0.010928877590603129,0.011348742076652355,0.4959622900607728,1.0384178963089707,0.24099495333255555,0.44977185008649945,0.016652228318413707,1.5236906242532748,0.013283280392723073,1.2154295153003,0.012157089228992203,1.1123822303074486,0.45014987587227345,0.4590307385176007,-0.008880862645327225
permuted_train_labels,23,0.9671981149825497,0.7744545286980228,1.284518877665202,0.001,4787799,0.7783805643261131,0.02322515411129545,4787799,56043,0.011705378609252394,0.012082174264799385,0.49404275156131944,1.0321899588321866,0.24096154839275147,0.44904469985090656,0.01731484188980325,1.4792210032503275,0.013751618697522871,1.1748119524005014,0.012584067839091023,1.0750671344491223,0.4500176567218277,0.4589871702602073,-0.008969513538379603,996308,0.7957991529727755,0.023377108332792797,996308,11887,0.011931049434512219,0.012095851589862192,0.4927635109921422,1.013812880103678,0.2410043789365712,0.44895088182782483,0.01746286631874749,1.4636488109950934,0.012726834751886944,1.0666986857897685,0.012596481014945147,1.0557730972522898,0.44953168352550005,0.4591120465939538,-0.009580363068453779,1038899,0.739331366367183,0.02203423783856756,1038899,11354,0.010928877590603129,0.011323494551048459,0.49530889831420205,1.0361077299268708,0.24085075015897836,0.44961383104908204,0.016074694388295313,1.470845862718479,0.012936760034652035,1.1837226583794227,0.011781692174415248,1.0780331353098314,0.44973075315265104,0.458856098611417,-0.009125345458765977
permuted_train_labels,24,0.9664495037949603,0.7738530399142832,1.2835784891377324,0.001,4787799,0.7781167100477694,0.0231973120389583,4787799,56043,0.011705378609252394,0.012093070386824424,0.4941682443338655,1.0331208233850362,0.2409237527566885,0.44911506281985886,0.017690797443502236,1.51133919149943,0.013947951042232341,1.1915847840416993,0.012655081665900831,1.0811339033406193,0.4500964723833207,0.4590399329835084,-0.008943460600187747,996308,0.7955404948821048,0.02335012982188051,996308,11887,0.011931049434512219,0.012070696377101125,0.49173170638278596,1.011704497861266,0.24094923767956547,0.44898585701754273,0.016961059815335206,1.421589937115924,0.013128312188854987,1.100348486603326,0.012566369904949262,1.0532493368604519,0.4490889734291086,0.4591354714439184,-0.010046498014809835,1038899,0.7390721150467947,0.02200698049502105,1038899,11354,0.010928877590603129,0.011297585376613895,0.49522242647312026,1.0337370222105688,0.2408144699853544,0.44967882958503713,0.015882183078255847,1.4532309422068805,0.01291750890364809,1.181961166328263,0.011926075656944845,1.0912443256935302,0.44966442931548917,0.458904946897617,-0.00924051758212785
permuted_train_labels,25,0.9667327808297199,0.7740574714066326,1.284114897078362,0.001,4787799,0.7779222313321842,0.023155175106296232,4787799,56043,0.011705378609252394,0.012150314227054548,0.4951742613926643,1.038011211141044,0.24122127020442768,0.449355291716599,0.0174819332470028,1.4934957535832618,0.014135928819081833,1.2076438781662504,0.01307072141693471,1.1166423447937937,0.45070167948040163,0.4592602744831125,-0.00855859500271089,996308,0.7953247765751154,0.023307326528449284,996308,11887,0.011931049434512219,0.012150719713067934,0.4929777619054635,1.01841164767286,0.24131082849675467,0.44929647277994034,0.017061421116017664,1.430001711891758,0.013810823831700658,1.1575531479863732,0.012496110648292199,1.0473605626128295,0.44998742251969187,0.45942357793952543,-0.009436155419833558,1038899,0.7388192632296307,0.021963309854501015,1038899,11354,0.010928877590603129,0.011432743938535536,0.49726419262993243,1.0461041258587838,0.24108419606217152,0.4499039096036875,0.017807296178650497,1.6293801473228662,0.01330253152372702,1.21719100735146,0.012272596015015883,1.1229511826144079,0.45063163940491885,0.4591061789407958,-0.008474539535876957
permuted_train_labels,26,0.9663411273472551,0.7736791728199393,1.2840401355771052,0.001,4787799,0.7777312054035685,0.02313515962984766,4787799,56043,0.011705378609252394,0.012152800672447025,0.4944909381405799,1.0382236301900538,0.24099811059310763,0.44920419384331034,0.018192071515100883,1.5541634424982333,0.014428338694181043,1.2326246912488856,0.01306654413300472,1.1162854760354703,0.4502944255655192,0.45909779160062564,-0.008803366035106452,996308,0.7951322689620077,0.02328643543368366,996308,11887,0.011931049434512219,0.01215887757363394,0.4925768104691566,1.0190953981351125,0.24106102839156107,0.44911933616551447,0.017964672822159775,1.5057076848742628,0.013650232856913441,1.1440932276609503,0.01284740693157752,1.076804433850941,0.4497143905517151,0.4592333043870742,-0.009518913835359133,1038899,0.7386438822493813,0.02194328743698858,1038899,11354,0.010928877590603129,0.01133524185221593,0.49506413100572244,1.0371826162608135,0.24088907731018067,0.44977329167817204,0.01674848397343344,1.532498084509074,0.013052266820675715,1.194291610686382,0.012051208008470498,1.1026940240260694,0.4497785770990572,0.45896905950152717,-0.009190482402469946
permuted_train_labels,27,0.9659625416216643,0.773238155807274,1.2844759903092315,0.001,4787799,0.777577461741815,0.023095830534226165,4787799,56043,0.011705378609252394,0.012074587213481503,0.4939007074361731,1.0315417908769966,0.2413118830935574,0.44939467279073997,0.017690797443502236,1.51133919149943,0.013830987092192656,1.1815924588086453,0.012669702159655792,1.0823829439947512,0.45018312411779743,0.4592791059669637,-0.009095981849166268,996308,0.794979203845598,0.023248857731965167,996308,11887,0.011931049434512219,0.01209502042129148,0.49166483007581363,1.0137432157732038,0.24131474854333357,0.44925863321795867,0.01686069851465275,1.4131781623400903,0.013288903163642203,1.1138084069287488,0.012375666208308659,1.0372655210454769,0.44943961424599527,0.4593650016499409,-0.009925387403945607,1038899,0.7384618536065585,0.02190416262455193,1038899,11354,0.010928877590603129,0.011277805284960371,0.49455764860390683,1.0319271298872683,0.24116808928955344,0.44993312929116097,0.016652228318413707,1.5236906242532748,0.012513235152565213,1.1449698332539058,0.011714313215901434,1.071867913130772,0.44965563929862334,0.459119225282844,-0.009463585984220646
permuted_train_labels,28,0.9656956327134284,0.7731099491534026,1.2835577553597048,0.001,4787799,0.7774540229759018,0.023086702310263024,4787799,56043,0.011705378609252394,0.012089803089794057,0.49436392153231923,1.032841695546507,0.24111018664692987,0.4493642663125762,0.017502819666652743,1.4952800973748788,0.013989723881532228,1.195153471624933,0.012569447345336063,1.0738180937949906,0.4502512022308486,0.4592354254957988,-0.008984223264950242,996308,0.7948129729335708,0.02323738568968507,996308,11887,0.011931049434512219,0.012109499811781894,0.49251284960799346,1.0149568047847897,0.2411137466591172,0.44922486828458774,0.016961059815335206,1.421589937115924,0.013409346394732615,1.123903347172816,0.012696851381598097,1.0641856318917504,0.4495586812258899,0.45931740953233635,-0.009758728306446474,1038899,0.7383668311356542,0.021895884771251824,1038899,11354,0.010928877590603129,0.011336769119701108,0.4955504424874366,1.0373223623118162,0.24096929501666273,0.4499047884308426,0.01626720569833478,1.4884607832300778,0.013033015689671768,1.192530118635222,0.011945326787948792,1.0930058177446902,0.4498892382770135,0.4590758303030155,-0.009186592026002027
permuted_train_labels,29,0.9654296023258264,0.7727609238762786,1.284151944561281,0.001,4787799,0.7772936087124793,0.023065564494477265,4787799,56043,0.011705378609252394,0.012090603287162223,0.49395765499786126,1.0329100570574739,0.2410666314340254,0.44926167656189137,0.01810852583650111,1.5470260673317662,0.01411504239943189,1.2058595343746337,0.012817995739170392,1.0950517849152304,0.4500000417664158,0.4591237356291741,-0.009123693862758298,996308,0.794688474221827,0.02321849342969556,996308,11887,0.011931049434512219,0.012074303314928675,0.4914182011011994,1.012006813080673,0.2411042588132542,0.4491473749270321,0.017362505018065032,1.4552370362192595,0.013610085113216637,1.1407282475795946,0.012676777308267507,1.0625031249638583,0.4491375816878902,0.45923330692884345,-0.010095725240953257,1038899,0.7381779141908886,0.021873328120382732,1038899,11354,0.010928877590603129,0.011316965813068616,0.49488626924268675,1.0355103458015829,0.24094105279454187,0.4498070334388972,0.016555972663393974,1.5148831639974754,0.012705746462604677,1.1625847537655043,0.011868322263933006,1.0859598495400506,0.44951127968821825,0.45897025978651784,-0.009458980098299596
permuted_train_labels,30,0.9650008851203365,0.7724276789720508,1.2835114572359168,0.001,4787799,0.7771774475599331,0.023055442839575137,4787799,56043,0.011705378609252394,0.012128587752340981,0.4946320346158556,1.036155100763171,0.2410762906480792,0.4493339976030953,0.01854714064914992,1.5844972869557186,0.014215297213751619,1.2144243845743943,0.012993441664229917,1.1100402727648115,0.4503911625722906,0.4591822151916487,-0.008791052619358086,996308,0.7946081934502182,0.023210366011156943,996308,11887,0.011931049434512219,0.012140228862872983,0.4926863593965554,1.0175323578624762,0.24110335369566077,0.4492119993156736,0.017362505018065032,1.4552370362192595,0.013670306728761844,1.1457757177016283,0.01298792544489165,1.0885819823461858,0.4498499265309874,0.45928014484988733,-0.009430218318899952,1038899,0.7380719050287853,0.021863098597198812,1038899,11354,0.010928877590603129,0.01138948910417544,0.4956688430687373,1.0421462780375867,0.24092784751225246,0.4498555056200225,0.016940995283472905,1.5501130050206726,0.013860814322841466,1.2682742768350956,0.012157089228992203,1.1123822303074486,0.45003159306097834,0.45900340144796214,-0.008971808386983804
permuted_train_labels,31,0.9649451502855273,0.772305204730103,1.2839534673137942,0.001,4787799,0.7770662077710447,0.023037170890006033,4787799,56043,0.011705378609252394,0.012125931236508632,0.4941579887036356,1.0359281524583763,0.24082046150540623,0.44905367130125284,0.01737750114875308,1.484574034625178,0.014081624127991979,1.2030045843080468,0.012671790801620786,1.0825613783739128,0.44988752429393103,0.4588953276658008,-0.009007803371869794,996308,0.7944534345804711,0.023190569778936333,996308,11887,0.011931049434512219,0.012145877171013376,0.49279524722978196,1.0180057703792373,0.24086221811622663,0.44894628094325956,0.01746286631874749,1.4636488109950934,0.01352978962582303,1.1339982874168832,0.012556332868283967,1.0524080833965057,0.4494470551211172,0.4590069720501872,-0.00955991692906999,1038899,0.7379176627131222,0.021844459856059154,1038899,11354,0.010928877590603129,0.011357548552735606,0.4948855669046012,1.0392236950756093,0.24072100441231292,0.4496262235927331,0.016652228318413707,1.5236906242532748,0.013321782654730965,1.2189524994026197,0.012041582442968525,1.1018132780004894,0.44945792679650154,0.4587686703930841,-0.009310743596582571
permuted_train_labels,32,0.9648026540659476,0.7721000686935756,1.2843687637992527,0.001,4787799,0.7769612730714051,0.023019110558258345,4787799,56043,0.011705378609252394,0.012140931038541098,0.49468851423819343,1.0372095977266746,0.24115059418048246,0.4493314075879254,0.017857888800701785,1.5256139418323644,0.01388529178328251,1.1862317526668489,0.012949580182965036,1.1062931508024163,0.4503477797001352,0.4591623522420138,-0.008814572541878618,996308,0.7943209219061776,0.023170297178589604,996308,11887,0.011931049434512219,0.012134709788463368,0.49325775874530686,1.0170697770610215,0.24117758866603015,0.4492096654912532,0.01655961461260538,1.3879428380125887,0.013268829291793802,1.112125916888071,0.012646666198271622,1.0599793645720201,0.4498229028303979,0.459260536492184,-0.009437633661786127,1038899,0.7378387856398938,0.021826816572309966,1038899,11354,0.010928877590603129,0.011365944638489674,0.4958944568787743,1.0399919428379676,0.24104080515072912,0.4499080520071458,0.0175185292135913,1.6029577665554682,0.013013764558667821,1.190768626584062,0.01203195687746655,1.1009325319749095,0.4500071612826255,0.4590389500749978,-0.009031788792372264
permuted_train_labels,33,0.9647259646567745,0.7720165288966635,1.2844363990037337,0.001,4787799,0.7768675778786871,0.023013936171075163,4787799,56043,0.011705378609252394,0.012118875446915492,0.4949819465176993,1.035325370623745,0.24121210717118635,0.4494745934532659,0.01800409373825139,1.538104348373682,0.013922887338652408,1.189443571491759,0.012694765863235724,1.0845241565446913,0.45056423665893514,0.4592966202526236,-0.008732383593688442,996308,0.794227161680926,0.02316690036019233,996308,11887,0.011931049434512219,0.01208937925205996,0.4925674291873522,1.0132704016035463,0.24125128626895892,0.4493627754034792,0.01716178241670012,1.4384134866675917,0.013048016701461378,1.0936185264406144,0.012295369914986299,1.0305354933339084,0.4496093580296742,0.4594100999789817,-0.009800741949307468,1038899,0.7377253542572474,0.021820849232952987,1038899,11354,0.010928877590603129,0.011370016139132758,0.4955402440567247,1.040364488015579,0.24107111539272305,0.4500099971080822,0.0175185292135913,1.6029577665554682,0.013110020213687554,1.1995760868398613,0.011598806429877755,1.0612989608238126,0.44989093213665887,0.4591352107253511,-0.0092442785886922
permuted_train_labels,34,0.9644556700319483,0.7718732655912206,1.2835889674615168,0.001,4787799,0.7767552937685981,0.022993901725511034,4787799,56043,0.011705378609252394,0.012090298214551053,0.4941310705706438,1.0328839944565658,0.24128967958741618,0.4495441021560857,0.01777434312210201,1.5184765666658973,0.013977192029742262,1.1940828653499629,0.012815907097205398,1.0948733505360688,0.45020481050337074,0.45936391826153466,-0.00915910775816392,996308,0.794139243336398,0.023147315357048222,996308,11887,0.011931049434512219,0.012107643441797428,0.4926495030973548,1.014801213275874,0.2413330453493317,0.4494511211098963,0.016961059815335206,1.421589937115924,0.013208607676248594,1.1070784467660373,0.012375666208308659,1.0372655210454769,0.4498909155340677,0.45948889682313987,-0.009597981289072188,1038899,0.7376260077976782,0.02180213129702093,1038899,11354,0.010928877590603129,0.011368460587673608,0.4955094327660567,1.040222153961029,0.24118123196019078,0.4501137000386292,0.016940995283472905,1.5501130050206726,0.013360284916738858,1.2224754835049396,0.011887573394936953,1.0877213415912106,0.44998703912558397,0.4592316661382596,-0.009244627012675644
permuted_train_labels,35,0.9642745734988779,0.7716875193775564,1.2836392302444015,0.001,4787799,0.7766779617836923,0.022988180599464912,4787799,56043,0.011705378609252394,0.012121269961384185,0.4945757515680932,1.0355299359392829,0.2409981067480441,0.4492809230114131,0.017816115961401896,1.5220452542491307,0.013789214252892769,1.1780237712254116,0.01293704833117507,1.1052225445274462,0.45018472324612524,0.4590908917317368,-0.008906168485611543,996308,0.7940660355532626,0.023142840339188533,996308,11887,0.011931049434512219,0.012102553015229132,0.49271114982981595,1.0143745595606046,0.24102506234725102,0.44916156222692916,0.017061421116017664,1.430001711891758,0.01306809057330978,1.0953010164812922,0.012777147674920457,1.070915659603319,0.4495851593930946,0.45919264184004105,-0.009607482446946425,1038899,0.7375285638931215,0.02179498778574722,1038899,11354,0.010928877590603129,0.011347294321840253,0.4955207396463806,1.0382854257235792,0.24090384862191527,0.44986596309425214,0.016555972663393974,1.5148831639974754,0.012763499855616518,1.1678692299189841,0.012118586966984311,1.108859246205129,0.44973020258215596,0.4589770325877216,-0.009246830005565643
permuted_train_labels,36,0.964154076749,0.7714755694071452,1.2842464270799057,0.001,4787799,0.7766155701189628,0.022975986211742336,4787799,56043,0.011705378609252394,0.012091287389591934,0.4944002242157814,1.0329685004835727,0.24121873096976237,0.44940440647314384,0.018317390033000543,1.564869505247934,0.013964660177952296,1.1930122590749928,0.012721918208780651,1.086843803473793,0.45024319895348547,0.4592088470753838,-0.008965648121898318,996308,0.7939284416189571,0.023127382634577486,996308,11887,0.011931049434512219,0.01210095813832157,0.4925753614628504,1.014240885074021,0.2412703404385468,0.44931871149996133,0.016158169409875554,1.3542957389092534,0.013308977035490605,1.1154908969694266,0.012275295841655709,1.0288529864060163,0.44969599480466105,0.45934411191128677,-0.00964811710662572,1038899,0.7374304582302996,0.021781411166337514,1038899,11354,0.010928877590603129,0.011362343901813558,0.4955159193219869,1.039662472895033,0.24110107705163425,0.44996363443112547,0.01645971700837424,1.506075703741676,0.01330253152372702,1.21719100735146,0.011916450091442873,1.0903635796679505,0.44994870602007725,0.4590670351078562,-0.009118329087778931
permuted_train_labels,37,0.9641192843948585,0.7714630643526713,1.2841028386268063,0.001,4787799,0.7765235197321357,0.022981302357369743,4787799,56043,0.011705378609252394,0.012131577660005553,0.4943869095879301,1.036410531002925,0.24107771227956326,0.44929110832273333,0.018776891265299304,1.6041250686635038,0.013672250302853085,1.1680314459923575,0.012840970800785329,1.0970145630860089,0.4501427243328755,0.45908927072038924,-0.008946546387513743,996308,0.7939194396336273,0.023135712950651303,996308,11887,0.011931049434512219,0.01211959047920716,0.4919186364001355,1.0158025533067996,0.24113105553857256,0.4491961982233444,0.017362505018065032,1.4552370362192595,0.013148386060703388,1.1020309766440037,0.012516184721622789,1.0490430695407216,0.4493036045268078,0.4592188003183339,-0.00991519579152611,1038899,0.7374073869307796,0.0217897830193912,1038899,11354,0.010928877590603129,0.011333428323633554,0.49556388085327924,1.0370166771177185,0.24098819542109814,0.44987548772900615,0.016844739628453172,1.5413055447648734,0.012570988545577052,1.1502543094073854,0.011926075656944845,1.0912443256935302,0.4497603675773744,0.45897384482697384,-0.009213477249599422
permuted_train_labels,38,0.9639586103135261,0.7713218707969223,1.283994333985923,0.001,4787799,0.7764424869339753,0.022966406910369982,4787799,56043,0.011705378609252394,0.01212615126308479,0.49457361875582334,1.0359469495074514,0.2411174632269456,0.44935155821897316,0.018024980157901334,1.5398886921652988,0.013993901165462216,1.1955103403832563,0.012943314257070054,1.1057578476649312,0.45024525845175756,0.4591436918250554,-0.00889843337329782,996308,0.7937677938197827,0.02311941817118489,996308,11887,0.011931049434512219,0.012131337965340846,0.49267878210880167,1.0167871679627163,0.24114345244824648,0.4492322549387558,0.016659975913287835,1.3963546127884223,0.013790749959852256,1.1558706579456954,0.012576406941614557,1.0540905903243978,0.44955340199867455,0.4592468003300677,-0.009693398331393155,1038899,0.7372994977736046,0.021773549731945792,1038899,11354,0.010928877590603129,0.011335587377970528,0.4952825595645761,1.0372142321108158,0.24099750603105438,0.4499087668717902,0.016844739628453172,1.5413055447648734,0.012686495331600732,1.1608232617143446,0.011704687650399462,1.070987167105192,0.4497245782104966,0.45900232234112726,-0.00927774413063065
permuted_train_labels,39,0.963805842054063,0.7712375504383142,1.28353256246318,0.001,4787799,0.7763568525955246,0.022971028643589676,4787799,56043,0.011705378609252394,0.012093392022115748,0.4942219403168443,1.0331483009491595,0.24105709740314482,0.44936902471757173,0.017690797443502236,1.51133919149943,0.014002255733322195,1.1962240778999031,0.01288483228205021,1.100761685048404,0.4500542858132683,0.4591582352812769,-0.009103949468008632,996308,0.7936957700956933,0.023123247984684455,996308,11887,0.011931049434512219,0.01209253321146035,0.49264651727783154,1.0135347504705678,0.2410780137025188,0.4492443273362996,0.017061421116017664,1.430001711891758,0.013288903163642203,1.1138084069287488,0.012455962501631019,1.0439955487570454,0.44948531608682024,0.4592545046159473,-0.00976918852912706,1038899,0.7372207560600212,0.021776864633255975,1038899,11354,0.010928877590603129,0.011329489085374799,0.4952257945930944,1.036656234041465,0.240929793720404,0.44992053091334017,0.01568967176821638,1.4356160216952818,0.013283280392723073,1.2154295153003,0.012185965925498123,1.1150244683841883,0.44977058717594054,0.45900829044482877,-0.009237703268888231
permuted_train_labels,40,0.963556716925856,0.7708913036014723,1.2842047155767247,0.001,4787799,0.7762828950734982,0.022948209103526747,4787799,56043,0.011705378609252394,0.012094831941631235,0.49436372507275944,1.0332713144426615,0.24134031250342347,0.4495660537127065,0.017649024604202347,1.5077705039161964,0.013956305610092317,1.192298521558346,0.012617486110530932,1.0779220845157091,0.4503667720452686,0.45934928273234527,-0.008982510687076672,996308,0.7936484312582053,0.02310332579916301,996308,11887,0.011931049434512219,0.012109299162728375,0.49346717156193565,1.0149399873996452,0.24135406158543046,0.4494426720661247,0.017061421116017664,1.430001711891758,0.013108238317006584,1.098665996562648,0.012445925464965724,1.0431542952930992,0.4500542643150701,0.4594438054533932,-0.009389541138323076,1038899,0.7371502938447337,0.02175572737866602,1038899,11354,0.010928877590603129,0.011367710316502248,0.4958227549230602,1.0401535036202103,0.24120918396748584,0.4501110114300641,0.016940995283472905,1.5501130050206726,0.012956011165655982,1.1854841504305824,0.011637308691885648,1.0648219449261325,0.4500560487852625,0.45919308109861506,-0.009137032313352556
