top_set,feature,feature_positive_sites,top_positive,top_total,background_positive,background_total,top_fraction,background_fraction,odds_ratio,fisher_p_greater
top_residual_decile,YTHDC2,7,3,8031,4,72272,0.00037355248412401944,5.534646889528448e-05,6.751494768310912,0.025691499641497088
top_residual_decile,TGACA,893,249,8031,644,72272,0.03100485618229361,0.008910781492140802,3.558812261453809,8.239190902447011e-52
top_residual_decile,overlap_fullTranscripts,19899,4013,8031,15886,72272,0.49968870626323,0.21980850121762233,3.5449976866658264,0.0
top_residual_decile,overlap_exons,19704,3944,8031,15760,72272,0.4910969991283775,0.21806508744742084,3.4603237453408666,0.0
top_residual_decile,overlap_exonicTranscripts,19704,3944,8031,15760,72272,0.4910969991283775,0.21806508744742084,3.4603237453408666,0.0
top_residual_decile,protein_coding,18984,3762,8031,15222,72272,0.46843481509152035,0.2106209873810051,3.30275658829783,0.0
top_residual_decile,TGACT,2914,741,8031,2173,72272,0.0922674635786328,0.030066969227363294,3.27901026249955,1.3758042530275724e-131
top_residual_decile,H3K27me3,391,103,8031,288,72272,0.012825301954924666,0.003984945760460483,3.247260062787308,2.7218648319997506e-20
top_residual_decile,GLORI_supported,18873,3682,8031,15191,72272,0.45847341551487986,0.21019205224706664,3.181263082534301,0.0
top_residual_decile,overlap_fullThreePrimeUTR,13278,2797,8031,10481,72272,0.3482754326982941,0.14502158512286917,3.1505128172502914,0.0
top_residual_decile,TGACC,151,39,8031,112,72272,0.004856182293612252,0.0015497011290679654,3.144036894036894,2.23485273854859e-08
top_residual_decile,overlap_exonicThreePrimeUTR,13189,2778,8031,10411,72272,0.345909600298842,0.14405302191720168,3.1423121911043768,0.0
top_residual_decile,TAACA,66,17,8031,49,72272,0.0021167974100361102,0.0006779942439672349,3.126648263498062,0.0002028453339943971
top_residual_decile,HEK293T_supported,18417,3564,8031,14853,72272,0.44378035113933506,0.2055152756254151,3.084346678035751,0.0
top_residual_decile,antisense,465,117,8031,348,72272,0.014568546880836758,0.00481514279388975,3.0555148884996473,4.45391638058782e-21
top_residual_decile,HeLa_suppoerted,17997,3420,8031,14577,72272,0.42584983190138215,0.20169636927164047,2.935627908047941,0.0
top_residual_decile,TAACT,647,157,8031,490,72272,0.019549246669157017,0.006779942439672349,2.9209472663843288,5.932873386275956e-26
top_residual_decile,lincRNA,264,64,8031,200,72272,0.007969119661312415,0.002767323444764224,2.8948211371909127,1.765096087980518e-11
top_residual_decile,eTAM_seq_supported,15854,3039,8031,12815,72272,0.37840866641763166,0.17731624972326765,2.82449301637204,0.0
top_residual_decile,AAACA,326,74,8031,252,72272,0.009214294608392478,0.003486827540402922,2.657877360654789,1.4945636994908883e-11
top_residual_decile,YTHDF2,392,84,8031,308,72272,0.010459469555472544,0.004261678104936905,2.469679810563163,1.640491879004166e-11
top_residual_decile,overlap_introns,5214,1046,8031,4168,72272,0.13024529946457478,0.05767102058888643,2.4468659878516754,5.1444763475324395e-113
top_residual_decile,AGACA,1217,254,8031,963,72272,0.03162744365583364,0.013324662386539739,2.4184642763341753,6.738019141611532e-30
top_residual_decile,H3K4me1,1337,276,8031,1061,72272,0.03436682853940979,0.014680650874474208,2.38868553989977,1.4765574944144858e-31
top_residual_decile,AAACT,1604,326,8031,1278,72272,0.04059270327481011,0.017683196812043393,2.3503673711459037,1.0381949450320453e-35
top_residual_decile,IGF2BP3,2437,479,8031,1958,72272,0.0596438799651351,0.027092096524241754,2.2777321365194507,5.935137243379905e-48
top_residual_decile,H3K36me3,12935,2267,8031,10668,72272,0.2822811605030507,0.1476090325437237,2.271189925860239,9.682839090921712e-186
top_residual_decile,METTL3,20,4,8031,16,72272,0.0004980699788320259,0.00022138587558113792,2.2504048835181263,0.13296002938346835
top_residual_decile,YTHDF3,1744,334,8031,1410,72272,0.041588843232474165,0.01950963028558778,2.180817247578268,1.9345573111822005e-31
top_residual_decile,FMR1,3989,739,8031,3250,72272,0.09201842858921679,0.04496900597741864,2.1522957930714375,2.487559362817679e-63
top_residual_decile,AGACT,2179,405,8031,1774,72272,0.05042958535674262,0.024546158955058666,2.1104807885915715,5.945968698373319e-35
top_residual_decile,overlap_fullCDS,8856,1535,8031,7321,72272,0.19113435437678994,0.10129787469559443,2.096417607792685,2.0497057264692637e-113
top_residual_decile,ELAVL1,370,69,8031,301,72272,0.008591707134852447,0.004164821784370157,2.0721345827898463,3.1998623202950336e-07
top_residual_decile,retained_intron,4264,765,8031,3499,72272,0.09525588345162496,0.0484143236661501,2.0693791478466537,1.0249715462697176e-59
top_residual_decile,H3K4me3,1869,341,8031,1528,72272,0.04246046569543021,0.02114235111799867,2.053025279311542,4.539129695930943e-28
top_residual_decile,GAACA,1093,200,8031,893,72272,0.024903498941601297,0.01235609918087226,2.0414172118363245,3.7468346749606014e-17
top_residual_decile,nonsense_mediated_decay,4869,859,8031,4010,72272,0.10696052795417756,0.05548483506752269,2.0388605313264523,5.76559257588455e-64
top_residual_decile,YTHDC1,512,94,8031,418,72272,0.011704644502552609,0.005783705999557228,2.035851710208321,6.095329353421066e-09
top_residual_decile,RBMX,5952,1032,8031,4920,72272,0.12850205453866267,0.0680761567411999,2.018501597789231,1.815116986179835e-73
top_residual_decile,YTHDF1,1434,251,8031,1183,72272,0.031253891171709625,0.016368718175780384,1.9387052437378718,1.2894969785352547e-18
top_residual_decile,overlap_promoters,2823,485,8031,2338,72272,0.06039098493338314,0.03235001106929378,1.922510852740772,6.0314850544866766e-33
top_residual_decile,GAACT,2177,375,8031,1802,72272,0.04669406051550243,0.024933584237325657,1.915485319342145,7.103833971665324e-26
top_residual_decile,GAACC,269,46,8031,223,72272,0.005727804756568298,0.0030855656409121096,1.861255549222056,0.00022563963257402455
top_residual_decile,overlap_exonicCDS,7004,1124,8031,5880,72272,0.13995766405179927,0.08135930927606819,1.8374489451202516,1.756137331847479e-61
top_residual_decile,HNRNPA2B1,122,20,8031,102,72272,0.0024903498941601294,0.0014113349568297543,1.7664436889473052,0.01858821915905023
top_residual_decile,FTO,619,96,8031,523,72272,0.011953679491968622,0.007236550808058446,1.6597339039350556,1.1199341860885982e-05
top_residual_decile,GGACC,532,82,8031,450,72272,0.01021043456605653,0.006226477750719504,1.6464416208887211,5.750428950911422e-05
top_residual_decile,IGF2BP1,829,126,8031,703,72272,0.015689204333208816,0.009727141908346247,1.622700219444452,1.563719484668639e-06
top_residual_decile,H3K27ac,670,101,8031,569,72272,0.012576266965508655,0.007873035200354218,1.6049933845577626,2.2224416755911136e-05
top_residual_decile,overlap_fullFivePrimeUTR,1041,142,8031,899,72272,0.01768148424853692,0.012439118884215188,1.4290277037724908,9.836049716897952e-05
top_residual_decile,AGACC,207,27,8031,180,72272,0.0033619723571161747,0.002490591100287802,1.3510494752623687,0.09267047709883847
top_residual_decile,GGACT,1699,213,8031,1486,72272,0.02652222637280538,0.020561213194598183,1.2978141342734284,0.0003673203868955692
top_residual_decile,GGACA,1464,183,8031,1281,72272,0.022786701531565184,0.017724706663714854,1.2922491626620067,0.0010330162826576485
top_residual_decile,overlap_exonicFivePrimeUTR,475,56,8031,419,72272,0.0069729797036483625,0.005797542616781049,1.2041711494003486,0.11166719208994459
top_residual_decile,AAACC,30,2,8031,28,72272,0.00024903498941601296,0.00038742528226699135,0.6427059053787164,0.8163985349482732
top_residual_decile,WTAP,3,0,8031,3,72272,0.0,4.150985167146336e-05,0.0,1.0
